query_id,query_text,corpus_id,document_text,human_score,model_a_assessment,model_b_assessment,model_b_raw_output
207786,how are some sharks warm blooded,4599409,"Some sharks can live in fresh water for a limited amount of time. Sharks have been known to swim up rivers such as the Mississippi, but only certain species of sharks have the ability. Bull sharks have been known to swim up rivers. They have a higher tolerance for fresh water than most other sharks.",0,0,1,##final score: 1
1114819,what is durable medical equipment consist of,5636640,"Durable merchandise is also called consumer durables or durable goods. durable goods Goods, such as appliances and automobiles, that have a useful life over a number of periods. Firms that produce durable goods are often subject to wide fluctuations in sales and profits. Also called consumer durables.",0,0,1,##final score: 1
1112341,what is the daily life of thai people,6947370,Learn Thai with our Free Thai Phrasebook. 1  History of the Thai language. 2  Regional variation in spoken Thai. 3  The Thai alphabet and Thai tones.  Written Thai: Joined Up 1  Thinking. General Thai phrases useful for a holiday in Thailand.,1,1,0,##final score: 0
207786,how are some sharks warm blooded,1884813,"1/6. In Gansbaai, the largest white shark ever caught was at Danger Point and measured up to 5.9m. The exact world record white shark is a contested issue, but chances are it is between 6-7m. If you see a white shark in the water don’t panic.",0,0,1,##final score: 1
1133167,how is the weather in jamaica,6252360,"The coolest weather is in the north, the Bahamas, while the hottest days are on the southernmost island of Trinidad. Ocean temperatures in January range on average from 77 degrees Fahrenheit around the Bahamas and Puerto Rico to 79 °F around islands farther south.The Caribbean's dry season begins in January. This normally is the driest month of the year for Kingston, Jamaica and Nassau, Bahamas.he monthly averages are based on historical weather records. These temperatures are in degrees Fahrenheit. You can also view the temperatures in degrees Celsius. The Caribbean in January offers ideal weather for a winter beach vacation. You can expect warm and dry weather throughout the islands.",2,2,1,##final score: 1
183378,exons definition biology,3389580,"Description: In most eukaryotic genes, coding regions (exons) are interrupted by noncoding regions (introns). During transcription, the entire gene is copied into a pre-mRNA, which includes exons and introns. During the process of RNA splicing, introns are removed and exons joined to form a contiguous coding sequence.",3,3,2,##final score: 2
19335,anthropological definition of environment,1837110,“There are many career and educational options for anthropology majors. Further anthropological study leads to both traditional anthropological careers of teaching and research as well as in applied anthropology. Applying anthropology offers many opportunities to use anthropological perspectives and skills.,0,0,1,##final score: 1
1113437,what is physical description of spruce,6688846,"The leaves of conifers are of course their needles. On true pine trees, the needles are arranged and attached to the branches in clusters of two (red pine group), three (yellow pine group), or five (white pine group) needles per cluster. Spruce and fir trees have their needles attached individually to the branches.",2,2,1,##final score: 1
47923,axon terminals or synaptic knob definition,4652795,The portion of the neuron that sends signals. Axons are long tail-like extensions protruding from the cell body. The axon terminal is the knob-like structure at the far end of the axon.,2,2,3,##final score: 3
1121709,what are the three percenters?,4639609,History >> American Revolution. The Revolutionary War split the people of the American colonies into two groups: the loyalists and the patriots. What was a patriot? Patriots were people who wanted the American colonies to gain their independence from Britain.,0,0,1,##final score: 1
1037798,who is robert gray,3167284,"112 Garibaldi Ave, Garibaldi, Oregon 97118, phone: (503) 322-8411. The Garibaldi Museum is chartered to enhance the maritime heritage of the Pacific Northwest by collecting information concerning Captain Robert Gray and Captain Robert Gray's historical vessels, the Lady Washington and the Columbia Redivivia.aribaldi Charters. 7th & Hwy.101, Garibaldi, Oregon 97118, phone: (503) 322-0007, toll free: 800-900-HOOK (4665), email: fishon@garibaldicharters.com. Garibaldi Marina and Guides. 302 Mooring Basin Road, Garibaldi, phone: 800-383-3828, email: jeff@garibaldimarina.com.",1,1,2,##final score: 2
168216,does legionella pneumophila cause pneumonia,5336830,"Mycoplasma pneumoniae (M. pneumoniae) is an atypical bacterium (the singular form of bacteria) that causes lung infection. It is a common cause of community-acquired pneumonia (lung infections developed outside of a hospital).M. pneumoniae infections are sometimes referred to as walking pneumonia..his illness is often seen with other upper respiratory tract symptoms, like a sore throat. Sometimes M. pneumoniae infection can cause pneumonia, a more serious infection of the lungs, which may require treatment or care in a hospital.",0,0,1,##final score: 1
1117099,what is a active margin,4573811,"1 An oceanic trench forms offshore, and a chain of volcanic mountains forms just inland of the coast. 2  This type of boundary between oceanic crust and continental crust is called an active continental margin since it is a plate boundary. 3  At other convergent boundaries, oceanic plate meets other oceanic plate.",3,3,2,##final score: 2
573724,what are the social determinants of health,7233865,"Top 5 Countries with the Most Employment in Health and Social Services. Feb 12, 2018",0,0,1,##final score: 1
1133167,how is the weather in jamaica,6911927,"Last Updated: January 12, 2017. Of the 15 Sandals resorts in the Caribbean, 7 of them are in Jamaica. In our rankings of the best sandals resort overall, three of the top 4 are in Jamaica, but the bottom 3 are also in Jamaica.",0,0,1,##final score: 1
833860,what is the most popular food in switzerland,2206198,"Alps-. Swiss Alps, also known as Central Alps, is the region of Alpine mountain ranges that lie in Switzerland. Around 65% of Switzerland is covered by Alps, one of the most beautiful mountain ranges. No doubt, Switzerland is the place where one can find the highest peaks and glaciers.Skiing and hiking are way of Swiss life.. Swiss Chocolate-. If you tell me you don’t like Swiss chocolate, I would seriously believe you haven’t tasted it yet. Switzerland is famous for the art of chocolate making. They have world’s best milk chocolate made of finest milk and cream.",2,2,1,##final score: 1
146187,difference between a mcdouble and a double cheeseburger,8434623,"There is a discernible difference between the two burgers, especially in the meat quality. The McDouble contains gristle and carry's a different flavor than the Double Cheeseburger. The double cheeseburger tastes more like beef. The McDouble tastes of whatever meat filler they use to fill the gap.",2,2,1,##final score: 1
168216,does legionella pneumophila cause pneumonia,1301468,"Causes. The bacterium Legionella pneumophila is responsible for most cases of Legionnaires' disease. Outdoors, legionella bacteria survive in soil and water, but rarely cause infections.",2,2,1,##final score: 1
1117099,what is a active margin,8208315,"is an actual plate boundary, where oceanic crust and continental crust crash into each other. Active plate margins are often the site of earthquakes and volcanoes. Oceanic crust created by seafloor spreading in the East Pacific Rise, for instance, may become part of the Ring of Fire, the horseshoe-shaped pattern of volcanoes and earthquake",3,3,2,##final score: 2
168216,does legionella pneumophila cause pneumonia,25528,"Psittacosis is an infectious disease caused by Chlamydia psittaci, a type of bacteria that most often infects birds. Psittacosis causes a wide range of symptoms in people, including fever, headache, and a dry cough. This illness can also cause pneumonia (a lung infection) that may require treatment or care in a hospital. Rarely, psittacosis can be deadly.",0,0,1,##final score: 1
1106007,define visceral?,7042681,Definition of instinct for Students. 1 : an act or course of action in response to a stimulus that is automatic rather than learned It's a cat's instinct to hunt. 2 : a way of knowing something without learning or thinking about it Her instincts told her to wait.,0,0,1,##final score: 1
168216,does legionella pneumophila cause pneumonia,3198680,"Causes. The bacterium Legionella pneumophila is responsible for most cases of Legionnaires' disease. Outdoors, legionella bacteria survive in soil and water, but rarely cause infections.auses. The bacterium Legionella pneumophila is responsible for most cases of Legionnaires' disease. Outdoors, legionella bacteria survive in soil and water, but rarely cause infections.",2,2,1,##final score: 1
168216,does legionella pneumophila cause pneumonia,3399713,"About the Disease. Legionnaires' disease is a severe, often lethal, form of pneumonia. It's caused by the bacterium Legionella pneumophila found in both potable and nonpotable water systems.Each year, an estimated 10,000 to 18,000 people are infected with the Legionella bacteria in the United States.It is not uncommon for patients with Legionnaires' disease to be admitted to the intensive care unit.t's caused by the bacterium Legionella pneumophila found in both potable and nonpotable water systems. Each year, an estimated 10,000 to 18,000 people are infected with the Legionella bacteria in the United States. It is not uncommon for patients with Legionnaires' disease to be admitted to the intensive care unit.",3,3,2,##final score: 2
451602,medicare's definition of mechanical ventilation,7784294,"Spontaneous ventilation: 1.5 - 2 times the patient's minute ventilation. Pattern of ventilation during spontaneous ventilation can not be controlled by the anesthesiologist. Spontaneous respiration: The breathing system should be filled with FG before connecting to the patient. When the patient takes an inspiration, the FG from the machine, the reservoir bag and the corrugated tube flow to the patient. During expiration, there is a continuous FGF into the system at the patient end. The expired gas gets continuously mixed with the FG as it flows back into the corrugated tube and the reservoir bag.",0,0,1,##final score: 1
131843,definition of a sigmet,7487352,A Severe Thunderstorm WATCH is issued by the NOAA Storm Prediction Center meteorologists who are watching the weather 24/7 across the entire U.S. for weather conditions that are favorable for severe thunderstorms.,1,1,0,##final score: 0
1114646,what is famvir prescribed for,2296797,Best Answer: A cold sore is a version of the herpes virus. It is different from the genital herpes virus but can be transmitted to the genitals if the virus from the facial herpes comes in contact with the genitals. It is important to be careful during a cold sore outbreak.,0,0,1,##final score: 1
1124210,tracheids are part of _____.,7203360,"Xylem definition, a compound tissue in vascular plants that helps provide support and that conducts water and nutrients upward from the roots, consisting of tracheids, vessels, parenchyma cells, and woody fibers. See more.",2,2,3,##final score: 3
168216,does legionella pneumophila cause pneumonia,2210774,"Legionnaires disease, also called legionellosis, is caused by the bacteria Legionella pneumophila and related species. These organisms have been found in water delivery systems. The infection can be caught by inhaling mists from water contaminated with the germs.Outbreaks have been traced to contaminated whirlpool spas, humidifiers, and air conditioning cooling towers and have occurred in hospitals, hotels, and cruise ships. The incubation period for legionnaires disease is 2 to 10 days.The disease and the organism that causes legionnaires disease were identified and got their names from the first known outbreak, at an American Legion convention held at a Philadelphia, PA, hotel in 1976.egionnaires disease, also called legionellosis, is caused by the bacteria Legionella pneumophila and related species. These organisms have been found in water delivery systems. The infection can be caught by inhaling mists from water contaminated with the germs.",2,2,1,##final score: 1
168216,does legionella pneumophila cause pneumonia,5314644,Noun. 1. lobar pneumonia-pneumonia affecting one or more lobes of the lung; commonly due to streptococcal infection. pneumonia-respiratory disease characterized by inflammation of the lung parenchyma (excluding the bronchi) with congestion caused by viruses or bacteria or irritants.egionnaires' disease-acute (sometimes fatal) lobar pneumonia caused by bacteria of a kind first recognized after an outbreak of the disease at an American Legion convention in Philadelphia in 1976; characterized by fever and muscle and chest pain and headache and chills and a dry cough.,1,1,2,##final score: 2
1103812,who formed the commonwealth of independent states,4087886,"The Baltic states gained independence after World War I, but were occupied by the Soviet Union during World War II, regaining independence in the early 1990s. All three countries are members of the European Union, NATO and the Eurozone.",0,0,1,##final score: 1
183378,exons definition biology,8121377,"intron in·tron (ĭn'trŏn) n. A segment of a gene situated between exons that does not function in coding for protein synthesis. After transcription of a gene to messenger RNA, the transcriptions of introns are removed, and the exons are spliced together by enzymes before translation and assembly of amino acids into proteins. Compare exon.",1,1,2,##final score: 2
168216,does legionella pneumophila cause pneumonia,290826,"1 The most common cause of bacterial pneumonia is a type of bacteria known as Streptococcus pneumoniae. 2  Haemophilus influenzae, Chlamydia pneumoniae, Mycoplasma pneumoniae, and Legionella pneumophila are some other major bacteria that cause pneumonia.",3,3,2,##final score: 2
264014,how long is life cycle of flea,5611219,"The lifecycle of a flea. 5% of fleas live in the environment as an adult, 95 % of fleas live as eggs, larvae or pupae. For effective flea control it is essential to break the lifecycle in the environment. 1  Adult Fleas-jump onto your dog or cat, feed on its blood and then start laying eggs. One flea broke a record with a four-foot vertical jump. 2  Undisturbed and without a blood meal, a flea can live more than 100 days. 3  On average, they live two to three months. 4  Female fleas cannot lay eggs until after their first blood meal and begin to lay eggs within 36-48 hours after that meal.",2,2,1,##final score: 1
1063750,why did the us volunterilay enter ww1,2496767,"Explain the significance of the following dates: 1914-1918. Did the sinking of the Lusitania cause the United States to enter World War I. Not directly, but it did cause more Americans to be in favor of the entry of the United States into the war. Define the following terms: Militarism, Imperialism, nationalism, and alliances. ...",2,2,1,##final score: 1
490595,rsa definition key,7666097,"RSA Authentication Manager 7.1 Basic Exercises. 3: Administering RSA Authentication Manager 21. When a policy is set as the default, it applies to all security domains in the system that. are not explicitly set to a different variant of that policy.",0,0,1,##final score: 1
183378,exons definition biology,8121375,"A: An intron is a nucleotide sequence found within the genes and is removed via RNA splicing when a mature RNA molecule is being generated; on the other hand, an exon is a nucleic acid sequence present in a mature messenger RNA molecule.",3,3,2,##final score: 2
1124210,tracheids are part of _____.,3466956,"Xylem consists of three different types of cells: Xylem parenchyma cells and xylem fiber cells, which simply provide structural support for the most important xylem cells, the tracheary elements (TE).The TE are completely dead at maturity, and act like pipes to allow water and dissolved minterals to flow through them.There are two types of tracheary elements: vessel elements and tracheids. Though they have some structural differences, these two types function in the same manner.he TE are completely dead at maturity, and act like pipes to allow water and dissolved minterals to flow through them. There are two types of tracheary elements: vessel elements and tracheids. Though they have some structural differences, these two types function in the same manner.",2,2,3,##final score: 3
47923,axon terminals or synaptic knob definition,6191,At the terminal end of the axon is a branched structure with ends called synaptic knobs. From this structure chemical signals can be sent to neighboring neurons. Transmission of nerve impulse along the axon,3,3,2,##final score: 2
490595,rsa definition key,4842894,RSA encryption is based on use of a public and a private key. Typically a key fob (such as an RSA SecurID security token) is used by employees in security-sensitive companies. The token generates a public key that changes every minute.,1,1,2,##final score: 2
183378,exons definition biology,749542,"The human genome consists of 3 billion nucleotides or “letters” of DNA. But only a small percentage — 1.5 percent — of those letters are actually translated into proteins, the functional players in the body.The “exome” consists of all the genome’s exons, which are the coding portions of genes.The term exon was derived from “EXpressed regiON,” since these are the regions that get translated, or expressed as proteins, as opposed to the intron, or “INTRagenic regiON” which is not represented in the final protein.ut only a small percentage — 1.5 percent — of those letters are actually translated into proteins, the functional players in the body. The “exome” consists of all the genome’s exons, which are the coding portions of genes.",3,3,2,##final score: 2
1112341,what is the daily life of thai people,3041090,"The Thai baht, like the pound, originated from a traditional unit of mass. Its currency value was originally expressed as that of silver of corresponding weight (now defined as 15 grams), and was in use probably as early as the Sukhothai period in the form of bullet coins known in Thai as phot duang (Thai: พดด้วง).",0,0,1,##final score: 1
359349,how to find the midsegment of a trapezoid,8811558,"are base angles of isosceles trapezoid JKLM . If and a. 1 b. 151 c. 29 d. 75.5 ____ 34. and Find The diagram is not to scale. U R S T a. 10 b. 110 c. 20 d. 60 35. One side of a kite is 7 cm less than four times the length of another side. The perimeter of the kite is 65 cm. Find the lengths of the sides of the kite. a. 19.75 cm c. 7.9 cm and 24.6 cm b. 19.75 cm and 72 cm d. 7.9 cm 36. In quadrilateral MNOP , Which of a parallelogram, trapezoid, or rhombus could quadrilateral MNOP be? a. parallelogram or rhombus c. trapezoid only b. parallelogram only d. any of the three Short Answer 37.",1,1,0,##final score: 0
1133167,how is the weather in jamaica,6504576,Weather Averages and Climate in US Virgin Islands. The US Virgin Islands have a tropical climate. Temperatures throughout the year are between 25 and 30 degrees Celsius (77-86° Fahrenheit). In August and September hurricanes may occur.,0,0,1,##final score: 1
1117099,what is a active margin,6993942,"1 A Continental Margin is a boundary between continental crust and oceanic crust. 2  Active continental margins occur along plate boundaries, while passive continental margins occur at the boundary that marks a continent and the oceanic crust. 3  Mountain building takes place along active continental margins only.",3,3,2,##final score: 2
183378,exons definition biology,4727418,"Transcrition/translation - Exons and introns. In most eukaryotic genes, coding regions (exons) are interrupted by noncoding regions (introns). During transcription, the entire gene is copied into a pre-mRNA, which includes exons and introns. During the process of RNA splicing, introns are removed and exons joined to form a contiguous coding sequence. This mature mRNA is ready for translation.",3,3,2,##final score: 2
1063750,why did the us volunterilay enter ww1,45591,"Zimmermann note. secret telegram sent on Jan. 16, 1917, by German foreign secretary Arthur Zimmermann to Count Johann von Bernstorff, the German ambassador to the United States. In it Zimmermann said that in the event of war with the United States, Mexico should be asked to enter the war as a German ally. In return, Germany promised to restore to Mexico the lost territories of Texas, New Mexico, and Arizona.",1,1,2,##final score: 2
443396,lps laws definition,4774806,"LP and LLP mean almost the same thing, with the difference being whether limited partners can participate in management. These kinds of partnerships are generally designed for partners who are engaged in the same type of profession, such as a law firm or an accounting firm. Limited Partnership (LP) An LP is a form of partnership that has two types of partners: a general partner and limited partners. There has to be at least one general partner and at least one limited partner in every LP. The general partner manages the operation of the LP.",0,0,1,##final score: 1
183378,exons definition biology,1087366,"In eukaryotes, mRNA is highly processed before it leaves the nucleus to be translated. This includes splicing (removing introns and leaving exons via the splisosome), the addition of a cap to the 5' end, and the addition of a polyadenylated tail to the 3' end to protect the molecule from degradation.lso there are proteins that binds to exons to specify that they are correct exons and also proteins that aids in exporting the mRNA from the nucleus to the cytoplasm and then once in the cytoplasm a new set of proteins will be bound to signal that the mRNA is ready for translation. All these needs to happen ...",1,1,2,##final score: 2
1133167,how is the weather in jamaica,1701657,"Think about it this way: Climate is what you expect, weather is what you get. Weather is what you see outside on any particular day. So, for example, it may be 75° degrees and sunny or it could be 20° degrees with heavy snow. That’s the weather. Climate is the average of that weather. For example, you can expect snow in the Northeast in January or for it to be hot and humid in the Southeast in July. This is climate. The climate record also includes extreme values such as record high temperatures or record amounts of rainfall.",0,0,1,##final score: 1
359349,how to find the midsegment of a trapezoid,6873860,"Find the area and perimeter for each. a) Square: side = 6 cm b) Rectangle: sides = 7 cm. 2 cm c) Triangle: base = 5 cm, height = 6 cm d) Parallelogram: base = 6 cm, height = 4 cm e) Trapezoid: base 1 = 5cm, base 2 = 3 cm, height = 4 cm 2. Construct each. Give the dimensions of each side. Trapezoid with an area of 27 cm 2  Parallelogram with an area of 42 cm 2 and a base of 6 cm.  Triangle with an area of 15 cm 2 and a height of 5 cm.  Trapezoid with an area of 18 cm 2 and a height of 3 cm.  Complex polygon with a perimeter of 26 cm 2.",1,1,0,##final score: 0
1063750,why did the us volunterilay enter ww1,2728074,"On April 4, 1917, the U.S. Senate voted in support of the measure to declare war on Germany. The House concurred two days later. The United States later declared war on German ally Austria-Hungary on December 7, 1917. World War I Trenches in France. Germany’s resumption of submarine attacks on passenger and merchant ships in 1917 became the primary motivation behind Wilson’s decision to lead the United States into World War I.",2,2,3,##final score: 3
1113437,what is physical description of spruce,5546283,"Needles are the major point of differentiation between fir and pine trees. The needles of a fir tree are soft and flat on two sides. The needles of pine trees are also soft, but also glossy and thin like a thread. The needles of fir trees are shorter in length, often less than 2 inches long.",0,0,1,##final score: 1
168216,does legionella pneumophila cause pneumonia,7492755,"The genus Legionella is a pathogenic group of Gram-negative bacteria that includes the species L. pneumophila, causing legionellosis (all illnesses caused by Legionella) including a pneumonia-type illness called Legionnaires' disease and a mild flu-like illness called Pontiac fever.",3,3,2,##final score: 2
1114819,what is durable medical equipment consist of,8336232,"Durable medical equipment. Durable medical equipment used to describe any medical equipment used in the home to aid in a better quality of living. It is a benefit included in most insurances. In some cases certain Medicare benefits, that is, whether Medicare may pay for the item. The item is defined by Title XIX for Medicaid:",2,2,1,##final score: 1
183378,exons definition biology,3389584,"In some genes, not all of the DNA sequence is used to make protein. Introns are noncoding sections of an RNA transcript, or the DNA encoding it, that are spliced out before the RNA molecule is translated into a protein. The sections of DNA (or RNA) that code for proteins are called exons.",3,3,2,##final score: 2
207786,how are some sharks warm blooded,2253657,"Most species of sharks are found in the oceans. However, some of them are known to live in bodies of fresh water, like the bull shark which is known to travel up to 4,000 Km up the Amazon River. Sometimes, sharks have been found even in unusual fresh water bodies.",0,0,1,##final score: 1
183378,exons definition biology,1239964,The intervening sequences that are removed are called introns. The process by which introns are removed is referred to as splicing. The sequences remaining after the splicing are called exons. All of the different major types of RNA in a eukaryotic cell can have introns.,3,3,2,##final score: 2
1133167,how is the weather in jamaica,7010343,Definition of Jamaica in the Definitions.net dictionary. Meaning of Jamaica. What does Jamaica mean? Information and translations of Jamaica in the most comprehensive dictionary definitions resource on the web.,0,0,1,##final score: 1
264014,how long is life cycle of flea,528380,"In 3 weeks, one flea can pass through its entire life cycle and can lay 1000 eggs. In another 3 weeks, those eggs can hatch and lay 1,000 eggs each, so within 6 weeks, it is possible to have a million new fleas.",3,3,2,##final score: 2
1133167,how is the weather in jamaica,2276677,"Storm in Jamaica. Storms in Jamaica should be taken as serious as a hurricane. Storm season is the same period as hurricane season. If you plan on spending most of your time outdoors, the first and the last month during the storm season is usually the calmest. August, September, and October are the months that tropical storm usually arrives.",2,2,1,##final score: 1
489204,right pelvic pain causes,759508,"If you have kidney stones in the right kidney, a sudden and intense pain may be experienced in the right side of abdomen. It starts on the upper right of abdomen and moves towards either the genitals or the navel. See here for more information on Symptoms of kidney pain.",1,1,2,##final score: 2
833860,what is the most popular food in switzerland,3437281,Traditionally of course Fondue and Raclette and cheese in general and chocolate. The things Switzerland is most famous for internationally. (Is said has the best chocolate in the world (invented milk chocolate like we know it today) and some of the best cheeses).,3,3,2,##final score: 2
1113437,what is physical description of spruce,7377272,"The way that I remember which grows up and which grows down is that I remember the s in spruce means that the cones spray the ground. One of the best and easiest ways to tell the difference between a true spruce and fir tree is to look at the tree's cones. When mature, the cones on a fir tree stand straight up (point towards the sky) while the mature cones on a spruce grow down towards the ground from the bottom side of the branch. The way that I remember which grows up and which grows down is that I remember the s in spruce means that the cones spray the ground.",2,2,1,##final score: 1
19335,anthropological definition of environment,2324839,"Definition. Naturalistic observation is research that involves studying the subject of interest in its own environment, as it would occur in day-to-day life. The subject of interest may be human or non-human or it can be the behavior of living things or the interactions of non-living things with their environment.",0,0,1,##final score: 1
130510,definition declaratory judgment,1046258,"If you do not file your response in time, the other party may. get a default judgment against you. This means that the. other party wins the case, and the court will not consider anything you have to say. The other party. can begin enforcing this judgment by garnishing your wages, placing liens on your property, or.",0,0,1,##final score: 1
1063750,why did the us volunterilay enter ww1,8689799,"Best Answer: With out a doubt ww1. WW2 did have more killed but the fighting conditions in WW1 were terrible. For months the soldiers would sit in mud ridden, rat infested trenches which were ravaged by diseases. And each assault was brutal.",0,0,1,##final score: 1
1129237,hydrogen is a liquid below what temperature,1849519,"Water is the chemical substance with chemical formula H 2 O; one molecule of water has two hydrogen atoms covalently bonded to a single oxygen atom. Water is a tasteless, odorless liquid at ambient temperature and pressure, and appears colorless in small quantities, although it has its own intrinsic very light blue hue.",0,0,1,##final score: 1
183378,exons definition biology,4727417,"Introns and exons are parts of genes. exons code for proteins, whereas introns do not. Exons are parts of DNA that are converted into mature messenger RNA . The process by which DNA is used as a template to create mRNA is called transcription. This mRNA then undergoes a further process called translation where the mRNA is used to synthesize proteins, via another type of molecule called transfer RNA.",3,3,2,##final score: 2
1113437,what is physical description of spruce,5546285,"There are basic differences that exist between pine and fir trees. Some of these differences are botanical name, native ranges and cone shape. They also have different foliage characteristics. You can tell the difference between the two by focusing on needle clusters and length. Pine trees and fir trees are both conifers that bear cones. These two trees are also members of the same plant family.",0,0,1,##final score: 1
1114819,what is durable medical equipment consist of,6256156,"bed confined. A term used in the context of medical necessity, which is defined by Medicare as the inability to get up from bed without assistance, ambulate or to sit in a chair or wheelchair.ed confined. A term used in the context of medical necessity, which is defined by Medicare as the inability to get up from bed without assistance, ambulate or to sit in a chair or wheelchair.",0,0,1,##final score: 1
1133167,how is the weather in jamaica,3225169,Atlantis Weather: 1  The climate in the Bahamas is sub-tropical. 2  In the islands there are basically two seasons: Wet and Dry. 3  Average temperatures range between 70 to 90 degrees Fahrenheit. 4  The Wet Season is from June through November which is also the hurricane season.,0,0,1,##final score: 1
183378,exons definition biology,3093215,"Transcrition/translation-Exons and introns. Description: In most eukaryotic genes, coding regions (exons) are interrupted by noncoding regions (introns). During transcription, the entire gene is copied into a pre-mRNA, which includes exons and introns.During the process of RNA splicing, introns are removed and exons joined to form a contiguous coding sequence.This mature mRNA is ready for translation.ranscrition/translation-Exons and introns. Description: In most eukaryotic genes, coding regions (exons) are interrupted by noncoding regions (introns). During transcription, the entire gene is copied into a pre-mRNA, which includes exons and introns.",3,3,2,##final score: 2
1124210,tracheids are part of _____.,6541866,"In most plants, pitted tracheids function as the primary transport cells. The other type of tracheary element, besides the tracheid, is the vessel element. Vessel elements are joined by perforations into vessels. In vessels, water travels by bulk flow, as in a pipe, rather than by diffusion through cell membranes.n most plants, pitted tracheids function as the primary transport cells. The other type of tracheary element, besides the tracheid, is the vessel element. Vessel elements are joined by perforations into vessels. In vessels, water travels by bulk flow, as in a pipe, rather than by diffusion through cell membranes.",2,2,1,##final score: 1
489204,right pelvic pain causes,769136,"Appendicitis is an infection or inflammation of the appendix, a tube-like structure attached to the cecum (large intestine). The appendix is located in the right lower part of the abdomen in most children. Appendicitis is the most common cause of emergency abdominal surgery in children.",1,1,2,##final score: 2
183378,exons definition biology,4493916,"Answer by Shelbyray2014. Confidence votes 91. Exons are the DNA sequences that code for proteins. Introns are involved however they dont carry the genetic information that exons carry, the variation provides for revolutionary flexibility allowing cells to shuffle exons between genes to make new ones.nswer by Shelbyray2014. Confidence votes 91. Exons are the DNA sequences that code for proteins. Introns are involved however they dont carry the genetic information that exons carry, the variation provides for revolutionary flexibility allowing cells to shuffle exons between genes to make new ones.",3,3,2,##final score: 2
1114819,what is durable medical equipment consist of,344350,"A durable medical equipment business is a company that sells health care related items intended for use in the home for an extended period. Products such as wheelchairs, hospital beds, glucose monitors and nebulizers are considered durable medical equipment, and are often covered by insurance plans and Medicare provided that the equipment is intended for long-term use.",3,3,2,##final score: 2
183378,exons definition biology,8794304,"Molecular Biology & DNA. Q: A: An intron is a nucleotide sequence found within the genes and is removed via RNA splicing when a mature RNA molecule is being generated; on the other hand, an exon is a nucleic acid sequence present in a mature messenger RNA molecule.",3,3,2,##final score: 2
1114646,what is famvir prescribed for,3238905,Genital Herpes in Women Article. 1  Genital herpes in women facts. 2  What is genital herpes? 3  What causes genital herpes? 4  How is genital herpes transmitted? 5  What are the signs and symptoms of genital herpes? 6  How is genital herpes diagnosed? 7  Can genital herpes be cured? 8  What is the treatment for genital herpes? 9  Are home remedies or natural treatments ...,0,0,1,##final score: 1
207786,how are some sharks warm blooded,353692,"Nurse Shark Ginglymostoma cirratum Introduction to Nurse Shark. Many people don’t realize that Nurse Sharks are really a shark they see. Due to the unique design of the body where the back half of it is so long, they often think it is some type of fish that they happen to see in the water. Many people wonder about the name of this shark and it isn’t really known.",0,0,1,##final score: 1
87181,causes of left ventricular hypertrophy,1647621,"Causes of high blood pressure. In more than 90% of cases, the cause of high blood pressure (hypertension) is unknown but several factors can increase your risk of developing the condition.",0,0,1,##final score: 1
207786,how are some sharks warm blooded,8819656,"The reason for this is that it is hard to see a shark close to the bottom at this time. The success rate of attacks is 55% in the first 2 hours, it falls to 40% in late morning and after that the sharks stop hunting. The hunting technique of the white shark varies with the species it hunts.",0,0,1,##final score: 1
19335,anthropological definition of environment,712804,The EASA seeks to advance the status of anthropology in Europe and to increase visibility of marginalized anthropological traditions and thereby contribute to the project of a global anthropology or world anthropology.,0,0,1,##final score: 1
1133167,how is the weather in jamaica,5186167,"The Blue Hole in Ocho Rios, Jamaica. The Blue Hole in Ocho Rios Jamaica has become one of my favorite places. It’s one of my more recent discoveries. I only found out about it because I’ve been spending lots of time in the countryside, trying to find those hidden gems in my country.",0,0,1,##final score: 1
1133167,how is the weather in jamaica,8332521,There's also information here on the likelihoods of named tropical storms and hurricanes approaching The Bahamas this month. These measures of temperature and precipitation are historical averages based on data collected at weather stations from 1971 to 2000.,0,0,1,##final score: 1
207786,how are some sharks warm blooded,4218702,"In Gansbaai, the largest white shark ever caught was at Danger Point and measured up to 5.9m. The exact world record white shark is a contested issue, but chances are it is between 6-7m. If you see a white shark in the water don’t panic. Chances are high that the shark has already detected you and isn’t interested. White shark attacks are normally associated with poor visibility, so avoid murky conditions.",0,0,1,##final score: 1
146187,difference between a mcdouble and a double cheeseburger,409930,"I believe I has to do with the cheese. IN N OUT Burger charges around 50 cents for cheese a piece last time I checked, and they normally put two pieces of cheese on an animal fry. However, I understand my explanation may fall a dollar short of why it would cost more than just the extra two pieces of cheese.",0,0,1,##final score: 1
443396,lps laws definition,8769905,"We have 12 hours following medical clearance to transfer or release a patient. There is a common belief that we have 72 hours, and that is not correct. While the Baker Act involuntary examination period lasts 72 hours, that time period is for the entire examination process.",1,1,0,##final score: 0
1121402,what can contour plowing reduce,6717338,Dictionary entry overview: What does plowing mean? • PLOWING (noun) The noun PLOWING has 1 sense: 1. tilling the land with a plow Familiarity information: PLOWING used as a noun is very rare.,0,0,1,##final score: 1
87452,causes of military suicide,3732121,"Suicide is payable, but companies have a suicide clause in which the insurance company will not pay if the suicide if the suicide occurs within two years of the policy being placed in force. Military can also get coverage for war and aviation. However, civilian companies will not pay out on this type of death.",0,0,1,##final score: 1
1121402,what can contour plowing reduce,7471825,"The reaper and the steel plow? the steel plow was used in farming to break up tough soil and I have no idea what the reaper is, but i hope that i helped, good luck.",0,0,1,##final score: 1
19335,anthropological definition of environment,1958103,"Anthropological Culture Concept. Culture is a concept that often invokes thoughts of a Monet, a Mozart symphony, or ballerinas in tutus dancing Swan Lake. In the popular vernacular culture often refers to the arts. A person that is cultured has knowledge of and is a patron of the arts. Then there is pop culture; what trends are current and hip. Within anthropology these things are simply aspects of culture. To understand the anthropological culture concept, we need to think broader and holistically.",0,0,1,##final score: 1
183378,exons definition biology,7677975,"Such stretches of DNA, which get transcribed into RNA but not translated into protein, are called introns. Those stretches of DNA that do code for amino acids in the protein are called exons. Examples: 1  The gene for one type of collagen found in chickens is split into 52 separate exons.2  The gene for dystrophin, which is mutated in boys with muscular dystrophy, has 79 exons.hose stretches of DNA that do code for amino acids in the protein are called exons. Examples: 1  The gene for one type of collagen found in chickens is split into 52 separate exons. 2  The gene for dystrophin, which is mutated in boys with muscular dystrophy, has 79 exons.",3,3,2,##final score: 2
1112341,what is the daily life of thai people,550571,"Everyday life. Everyday life, daily life or routine life comprises the ways in which people typically act, think, and feel on a daily basis. Everyday life may be described as mundane, routine, natural, habitual, or normal. Human diurnality means most people sleep at least part of the night and are active in daytime. Most eat two or three meals in a day. Working time mostly involves a daily schedule, beginning in the morning. This produces the daily rush hours experienced by many millions, and the drive time fo",0,0,1,##final score: 1
1124210,tracheids are part of _____.,2494577,"Tracheids and vessel elements form tube-shaped structures that provide pathways for water and minerals to travel from the roots to the leaves. While tracheids are found in all vascular plants, vessels are found only in angiosperms. Phloem is composed mostly of cells called sieve-tube cells and companion cells. These cells assist in the transport of sugar and nutrients produced during photosynthesis from the leaves to other parts of the plant. While tracheid cells are nonliving, sieve-tube and companion cells of the phloem are living.",2,2,1,##final score: 1
131843,definition of a sigmet,1733695,"Tornado Watch. A tornado watch means that conditions are favorable for the development of tornadoes within the next couple of hours. Tornado watches are often issued an hour or two before severe weather begins, and they stay in effect for about six hours or until the thunderstorms pass through.",1,1,0,##final score: 0
148538,difference between rn and bsn,1559002,"There are admission standards at both the associate degree (ADN) and baccalaureate (BSN) levels. BSN programs are often more academically competitive. Higher level nursing programs are also more likely to ask for a resume, personal statement, and references. BSN programs include additional coursework in areas like nursing research, leadership, and public health.",2,2,1,##final score: 1
405717,is cdg airport in main paris,8433858,Charles de Gaulle Airport (CDG) to Paris by Train. This is an overview of how to travel from Charles de Gaulle-CDG Airport to Central Paris by city train (RER B). For instructions in the opposite direction see Paris to Airport CDG by Train. For step-by-step photo instructions see Terminal 2 to Paris by train or Terminal 1 to Paris by train.,1,1,2,##final score: 2
19335,anthropological definition of environment,5078867,Learn More about environment. Dictionary: Definition of environment Medical Dictionary: Definition of environment Spanish Central: Translation of environment Nglish: Translation of environment for Spanish speakers Britannica English: Translation of environment for Arabic speakers.,0,0,1,##final score: 1
1113437,what is physical description of spruce,4486954,Here are some details about the 5 essential oils which make up Balance: (source) 1  Spruce: Spruce is found to ground the body and balance our ability to give and receive. 2  Ho Wood: Ho Wood is slowly taking the place of Rosewood.  Frankincense: This oil has been used for centuries in physical and emotional healing.,0,0,1,##final score: 1
1114819,what is durable medical equipment consist of,8096817,"Durable medical equipment, or DME, is also referred to as DMEPOS because Medicare also covers prosthetics, orthotics and certain supplies (POS). Prosthetics are devices that replace a missing body part and Orthotics are equipment that help support or correct the malfunction of a limb or torso, such as braces.",2,2,1,##final score: 1
168216,does legionella pneumophila cause pneumonia,1508223,"Mycoplasma pneumoniae (M. pneumoniae) is an atypical bacterium (the singular form of bacteria) that causes lung infection. It is a common cause of community-acquired pneumonia (lung infections developed outside of a hospital).M. pneumoniae infections are sometimes referred to as walking pneumonia..n general, M. pneumoniae infection is a mild illness that is most common in young adults and school-aged children. The most common type of illness caused by these bacteria, especially in children, is tracheobronchitis, commonly called a chest cold.",0,0,1,##final score: 1
168216,does legionella pneumophila cause pneumonia,25530,"Psittacosis is an uncommon infectious disease that is most often transmitted to humans through exposure to infected birds, especially parrots, cockatiels, parakeets and similar pet birds. Psittacosis can affect the lungs and may cause inflammatory illness of the lungs (pneumonia). Additional common symptoms include fever, muscle pain (myalgia), headaches, and a dry cough. Psittacosis is caused by infection with the bacterium, Chlamydia psittaci, and may also be known as ornithosis. It is rare among humans. People who own birds as pets are most likely to be affected by psittacosis.",0,0,1,##final score: 1
156493,do goldfish grow,885944,"People are usually surprised at both the normal life expectancy and size that goldfish reach. Goldfish Size and Life Expectancy. If kept in a suitable environment, single tail goldfish normally grow to 10 inches (25cm) and can sometimes reach 12 inches (30cm). Fancy goldfish normally grow to 8 inches (20cm). The normal life expectancy of a single tail goldfish is about 20 years. Fancy goldfish have a life expectancy of about 12 years.",2,2,3,##final score: 3
1114819,what is durable medical equipment consist of,7407231,Define durable: able to exist for a long time without significant deterioration in quality or value; also : designed to be… — durable in a sentence able to exist for a long time without significant deterioration in quality or value; also : designed to be durable…,0,0,1,##final score: 1
183378,exons definition biology,2352716,"Such stretches of DNA, which get transcribed into RNA but not translated into protein, are called introns. Those stretches of DNA that do code for amino acids in the protein are called exons. Examples: 1  The gene for one type of collagen found in chickens is split into 52 separate exons.uch stretches of DNA, which get transcribed into RNA but not translated into protein, are called introns. Those stretches of DNA that do code for amino acids in the protein are called exons. Examples: 1  The gene for one type of collagen found in chickens is split into 52 separate exons.",3,3,2,##final score: 2
168216,does legionella pneumophila cause pneumonia,8766391,"During the bicentennial in 1976, american legion members held a convention in philadelphia. Many of them became ill and some died from a previously unknown infectious agent. The culprit in legionaires' disease was a new germ, later named, in honor of the legionaires, legionella pneumophila.. In brief: American Legion. During the bicentennial in 1976, american legion members held a convention in philadelphia.",2,2,1,##final score: 1
1110199,what is wifi vs bluetooth,4053652,"Connectivity Details. The Photive Hydra uses Bluetooth to play music wirelessly. Bluetooth technology is used in 867 out of the 1232 wireless speakers we have listed on SpecOut, making it by far the most popular option for wireless speakers.Generally, Bluetooth streams audio at a lower quality and over less distance than Wi-Fi-based technologies.luetooth technology is used in 867 out of the 1232 wireless speakers we have listed on SpecOut, making it by far the most popular option for wireless speakers. Generally, Bluetooth streams audio at a lower quality and over less distance than Wi-Fi-based technologies.",2,2,1,##final score: 1
104861,cost of interior concrete flooring,5138474,for commercial concrete floors the cost is anywhere from $ 50 $ 1 00 dollar per sq ft more if you re trying to figure what the cost for concrete flooring is in your area i would suggest calling a local redi mix concrete company and asking them for 3 referrals,2,2,1,##final score: 1
1063750,why did the us volunterilay enter ww1,4854132,"After the attack on Pearl Harbor on December 7, 1941, the United States entered World War II. On December 8, Congress declared war on Japan, and on December 11, the United States entered into war with Germany.",0,0,1,##final score: 1
1124210,tracheids are part of _____.,2258597,"Thank you... In plants xylem and phloem are the complex tissues which are the components parts of conductive system. In higher plants xylem contains tracheids, vessels (tracheae), xylem fibres(wood fibres) and xylem parenchyma (wood parenchyma).Tracheids These are elongated narrow tube like cells with hard thick and lignified walls with large cell cavity.hank you... In plants xylem and phloem are the complex tissues which are the components parts of conductive system. In higher plants xylem contains tracheids, vessels (tracheae), xylem fibres(wood fibres) and xylem parenchyma (wood parenchyma).",2,2,3,##final score: 3
168216,does legionella pneumophila cause pneumonia,6244216,"Description: *C. psittaci is related to Chlamydia trachomatis, the most common human STD, and Chlamydia pneumonia, a cause of human pneumonia. Chlamydia pneumonia is also being investigated as possibly being associated with cardiovascular disease in humans.n some cases, birds may be infected but show no signs. These cases are of concern because these birds may become carriers and shed the organism. A major concern with C. psittaci is the zoonotic potential of the organism. A zoonotic disease is an infection which can be transmitted from animals to humans.",0,0,1,##final score: 1
1121402,what can contour plowing reduce,7144700,"Definition of plow. 1  transitive verb. 2  1a : to turn, break up, or work with a plowb : to make (something, such as a furrow) with a plow. 3  2 : to cut into, open, or make furrows or ridges in with or as if with a plow. 4  3 : to cleave the surface of or move through (water) whales plowing the ocean.",0,0,1,##final score: 1
168216,does legionella pneumophila cause pneumonia,3681097,"Legionnaires' disease. Legionnaires' disease is a form of atypical pneumonia caused by any type of Legionella bacteria. Signs and symptoms include cough, shortness of breath, high fever, muscle pains, and headaches. Nausea, vomiting, and diarrhea may also occur. This often begins two to ten days after being exposed.",2,2,3,##final score: 3
1133167,how is the weather in jamaica,7762245,"Latest Updates. LOCAL WEATHER FORECAST. 2017-04-13 10:14:47. SIGNIFICANT FEATURE A High Pressure Ridge across the north-western Caribbean and is expected to build across Jamaica during the day, and remain for the next few days. 1  Increased Rainfall Expected Friday Evening into Sunday. 2017-04-06 21:28:54. 2  A High Pressure Ridge across Jamaica. 2017-04-05 11:51:36.",2,2,1,##final score: 1
47923,axon terminals or synaptic knob definition,618556,"Axon terminals (also called synaptic boutons) are distal terminations of the branches of an axon. An axon nerve fiber is a long, slender projection of a nerve cell, or neuron, that conducts electrical impulses (called action potentials) away from the neuron's cell body, or soma, in order to transmit those impulses to other neurons.",3,3,2,##final score: 2
168216,does legionella pneumophila cause pneumonia,1183706,"A. Legionnaires' disease most often is caused by inhaling water contaminated with rod-shaped bacteria called Legionella pneumophila. There are over 30 different species of Legionella, many of which can cause disease. Legionella pneumophila is the most common species that causes disease.egionnaires' disease is an infection of the lungs that is a form of pneumonia. A person can develop Legionnaires' disease by inhaling water mist contaminated with LDB. LDB are widely present at low levels in the environment: in lakes, streams, and ponds.",3,3,2,##final score: 2
1110199,what is wifi vs bluetooth,3664802,"1 WPA Explained: WiFi Protected Access Encryption When you configure a wireless network for access, you must address security. 2  WPA is one form of encryption that may be available for use.EP (do not use it), WPA (you should use this one at least), WPA2 (the best deal). 2 people found this useful. Edit. Share to: 1  The Best Types of Wi-Fi Protected Access Wi-Fi protected access, commonly known as WPA, is a popular Wi-Fi access control mechanism.",0,0,1,##final score: 1
1063750,why did the us volunterilay enter ww1,3903902,"Three days later, Japanese allies Germany and Italy also declared war on the United States, and again Congress reciprocated. More than two years into the conflict, America had finally joined World War II.",0,0,1,##final score: 1
182539,example of monotonic function,3395863,"Instead of having monotonic eastings for a zone, and northings measured to/from the equator, zones are divided into latitude bands, then into 100km grid squares identified by letter-pairs, then eastings and northings within each 100km grid square.",0,0,1,##final score: 1
489204,right pelvic pain causes,320076,"Any problem, infection, injury, inflammation, twisting, wind retention, cancer or tumors in the above mentioned structures causes lower right abdominal pain. We will look at some of the common causes with symptoms, investigations and treatment for pain in the lower right abdomen.",1,1,2,##final score: 2
1133167,how is the weather in jamaica,7835489,"Jamaica Independence Day. Jamaica Independence Day Date: August 6. Jamaica celebrates Independence Day as a public holiday. Jamaica National Day was first celebrated on August 6, 1962 by raising the National Flag which signified the birth of the nation. This auspicious occasion is celebrated every year in Jamaica and 6th day of August is noted as a national holiday in Jamaica.",0,0,1,##final score: 1
19335,anthropological definition of environment,1705525,"While few high schools offer courses specifically in biological anthropology, many have courses in anthropology or cover anthropology in social studies classes. Programs in anthropology are available at hundreds of universities and colleges around the country, and most have courses in biological anthropology.",0,0,1,##final score: 1
168216,does legionella pneumophila cause pneumonia,3344837,"Legionella pneumophila, a Gram-negative bacillus ubiquitous in aquatic environments, is responsible for Legionnaires’ disease. It is a facultative intracellular pathogen that can replicate within eukaryotic host cells such as protozoa and macrophages. In humans, L. pneumophila reaches the lungs after inhalation of contaminated aerosol droplets [1] ; [2] (Fig. 1 ).",2,2,1,##final score: 1
1114646,what is famvir prescribed for,7616199,"It surprises a lot of people, but cold sores are caused by a herpes virus. In fact, the viruses that cause genital and oral herpes are most often caused by viruses that differ in less than 17 percent of their genome. They can even be caused by the same virus! Just about everyone knows someone plagued by cold sores.",0,0,1,##final score: 1
168216,does legionella pneumophila cause pneumonia,8185135,": pneumonia that is caused by a bacterium of the genus Legionella (L. pneumophila), that is characterized initially by symptoms resembling influenza (as malaise, headache, and muscular aches) followed by high fever, cough, diarrhea, lobar pneumonia, and mental confusion, and that may be fatal especially in elderly and immunocompromised ...",3,3,2,##final score: 2
264014,how long is life cycle of flea,3577345,"The pupal stage (cocoon) - The cocoon is the crux of flea infestation persistence in the house-hold. It generally hatches in 1-2 weeks, but can last up to a year. The adult flea - Adult fleas can live for some weeks (maximum of about 2 months if no host is present) in ideal, cool, moist conditions.",2,2,1,##final score: 1
19335,anthropological definition of environment,3137952,"Any one of these is its own sub-field of anthropology, with specific objectives and methodological approaches. Holistic anthropology, on the other hand, posits that one cannot get an accurate understanding of past societies and cultures by taking a single approach.",0,0,1,##final score: 1
1063750,why did the us volunterilay enter ww1,7882525,"With the Germans it was probably more of an anti-War sentiment than a pro-German bias. Public opinion gradually shifted toward the Allies as a result of British propaganda, German policies in occupied Belgium, and incidents such as the xsinking of the RMS Lusitania. Even so the vast majority of Americans, especially the progressives, opposed American entry into the War.",2,2,1,##final score: 1
148538,difference between rn and bsn,4185812,"An RN to BSN Completion program is now offered by many institutions to accommodate registered nurses who already have their associate's degree or a diploma level degree. Before deciding if an RN to BSN Completion program is the next step for you, it's important to understand the differences. Potential Differences in Salary Between an RN and a BSN Degree. Initially, an RN and a nurse with a BSN degree might both receive the same salary for the same nursing position.",1,1,2,##final score: 2
1113437,what is physical description of spruce,7430236,"In the northern portion of their range, the trees grow from sea level to 2500 ft. (750 m). sugar pine (Pinus lambertiana). Needles: Occur in bundles of 5; 2-4 long; white lines on all 3 surfaces of each 3-sided needle. Fruit: Huge, woody cones, 10-20 long (larger than western white pine cones) and straight.",0,0,1,##final score: 1
359349,how to find the midsegment of a trapezoid,5615181,"In the trapezoid below, the midpoints of the non-parallel sides are points S and V. The midsegment is the red line segment from S to V. The midsegment below can be found by. 1  calculating the lengths of the bases.  35-16 = 9 (length of upper base)",2,2,1,##final score: 1
443396,lps laws definition,725943,"On July 29, Mertz was taken under the state’s involuntary commitment law, the Baker Act, to North Tampa Behavioral Health. Long email threads among Drake, Mertz’s guardian, her behavior analyst and hospital staffers begin on Aug. 3, and become increasingly frantic.",0,0,1,##final score: 1
1117099,what is a active margin,5752877,"TradeStation’s margin rates are in line with the industry average. Meanwhile, Interactive Brokers’ (IB) margin rates are among the lowest in the industry, and encourage active trading in futures and short selling. IB offers significant value to active traders who can meet the requirements. Pricing And Fees.",0,0,1,##final score: 1
183378,exons definition biology,4493919,"Introns. Introns are sequences of nucleotides present in the genes between exons. These nucleotide sequences do not code for proteins, and that means introns are not immediately important for the process of protein synthesis. Exons are found at the two ends of a gene while introns are always found inside the gene. • When mutations take place, introns sometimes contribute nucleotides but usually not the other way around. • Both DNA and RNA contain introns and exons, but mature RNA only contain exons and not the introns.",1,1,2,##final score: 2
1133167,how is the weather in jamaica,4703846,"Time Zones of Jamaica. The time zone in which Jamaica is located can also be found in North America. Jamaica is on the same time schedule as the East Coast of the United States, Eastern Standard Time, except during the period of daylight-saving time. During these months, Jamaica is one hour behind the eastern United States.",0,0,1,##final score: 1
1037798,who is robert gray,3641638,"In 1800, Lagasse and LeBlanc reached the upper reaches of the Columbia by crossing the Rocky Mountains. Lewis and Clark explored from the mouth of the Yakima River (in present day Washington State). David Thompson reached the source of the Columbia at Columbia Lake in present day British Columbia in 1807 and navigated the entire river in 1811. The first American settlement on the Columbia was Astoria, established at its mouth in 1811.",0,0,1,##final score: 1
527433,types of dysarthria from cerebral palsy,5121382,Symptoms can include: 1  drooping eyelids. 2  blurred or double vision. 3  facial muscle weakness. 4  difficulty swallowing. 5  slurred speech. 6  breathing difficulties.,0,0,1,##final score: 1
168216,does legionella pneumophila cause pneumonia,2265769,"A common cause of bacterial pneumonia is Streptococcus pneumoniae. Other bacteria can cause pneumonia, including Mycoplasma pneumoniae, Chlamydophila (Chlamydia) pneumoniae, Chlamydophila (Chlamydia) psittaci, and Legionella pneumophila. This illness, caused by Chlamydophila (or Chlamydia) pneumoniae, is most common in school-aged children and usually develops into mild pneumonia or bronchitis…. 2  Legionnaires’ Disease. 3  Legionella pneumophila causes more than 90% of outbreaks of Legionnaires’ disease, a severe form of pneumonia….",3,3,2,##final score: 2
1115776,what is an aml surveillance analyst,994192,Business Analyst Job Descriptions. The position of a Business Analyst is a highly specialized position with a plethora of challenges and responsibilities. Business analyst’s main responsibility is to ensure the operational efficacy and excellence of an organization.,0,0,1,##final score: 1
264014,how long is life cycle of flea,1610707,"30-90 Days (Average). A flea might live a year and a half under ideal conditions. These include the right temperature, food supply, and humidity. Generally speaking, though, an adult flea only lives for 2 or 3 months. Without a host for food, a flea's life might be as short as a few days.",3,3,2,##final score: 2
131843,definition of a sigmet,988474,A Tornado WATCH will be issued when conditions are favorable for the development of severe thunderstorms and tornadoes. The Storm Prediction Center (SPC) is the sole agency responsible for issuing a watch. A watch covers several thousands of square miles and generally lasts from two to six hours.,1,1,0,##final score: 0
1037798,who is robert gray,8441717,"Even before British Captain James Cook explored the northwest coast of North America by sea in 1778, explorers had hoped to find a passage to the Pacific through the waterways of the American continent.",0,0,1,##final score: 1
1112341,what is the daily life of thai people,6164791,"Rating Newest Oldest. Best Answer: Kingdomwide, the average Thai salary is around $3000USD per year. Construction workers make an average of $4.00 a day and work 6 days a week, 9-10 hours a day.More skilled positions can obviously make more. A Thai Hotel / Apartment General Manager can make the rare wages of between $500 and $750 a month.hailand has a daily minimum wage of about 180 baht per day but laws mean little here and many people work for less than that. People make due by working overtime 6 days a week and living together to share the costs.",2,2,1,##final score: 1
182539,example of monotonic function,7637811,"Solutes can have different effects on surface tension depending on the nature of the surface and the solute: 1  Little or no effect, for example sugar at water|air, most organic compounds at oil|air. 2  Increase surface tension, most inorganic salts at water|air. 3  Non-monotonic change, most inorganic acids at water|air.",0,0,1,##final score: 1
1063750,why did the us volunterilay enter ww1,3610440,"The Sussex Pledge was a promise made in 1916 during World War I by Germany to the United States prior to the latter's entry into the war.Early in 1915, Germany had instituted a policy of unrestricted submarine warfare, allowing armed merchant ships, but not passenger ships, to be torpedoed without warning.n 1917, Germany became convinced they could defeat the Allied Forces by instituting unrestricted submarine warfare before the United States could enter the war. The Sussex pledge was therefore rescinded in January 1917, thereby initiating the decisive stage of the so-called First Battle of the Atlantic.",1,1,2,##final score: 2
104861,cost of interior concrete flooring,4720305,1 The best engineered floors have a Lifespan anywhere from 30 - 100 years. 2  Using an engineered wood floor allows you to have a wood floor on any grade level. 3  Engineered hardwood flooring can be used on wood subfloors or dry concrete slabs.,0,0,1,##final score: 1
573724,what are the social determinants of health,8272972,"But much of the responsibility of the social inequity that leads to different health outcomes lies elsewhere. Health is affected by policies in other sectors, such as education, taxation, transport, and agriculture too.",1,1,2,##final score: 2
148538,difference between rn and bsn,7407803,"Cancel. The difference between an RN and a BSN is that an RN is a title for a registered nurse, while a BSN stands for a Bachelor of Science in nursing. Learn about the differences between degrees and licenses with help from a licensed RN in this free video on nursing jobs and health care.",3,3,2,##final score: 2
1117099,what is a active margin,714808,1 Convergent boundaries (Destructive) (or active margins) occur where two plates slide toward each other to form either a subduction zone (one plate moving underneath the other) or a continental collision.,3,3,2,##final score: 2
1114819,what is durable medical equipment consist of,7567806,"Home health care, the Medicare option and generally considered for short-term treatment lasting approximately six weeks. The home health agency must continue to prove to Medicare that the patient has a need for skilled care. Home health care gives on average less than 28 hours per week. 1  Applies to Medicare rules and regulations. 2  A patient is homebound. 3  Co-payments apply.  Durable medical equipment like wheelchairs and oxygen concentrators, medications are partially paid for by the home health agency.",2,2,1,##final score: 1
104861,cost of interior concrete flooring,5688423,if you wanted an 800 grit polish which is still very reflective there aren t as many steps so the price is decreased polished concrete in general can range anywhere from $ 2 00 per square foot to $ 7 00 per square foot glossy floors before giving an estimate takes the time to examine the floor very carefullyf you wanted an 800 grit polish which is still very reflective there aren t as many steps so the price is decreased polished concrete in general can range anywhere from $ 2 00 per square foot to $ 7 00 per square foot glossy floors before giving an estimate takes the time to examine the floor very carefully,2,2,3,##final score: 3
1103812,who formed the commonwealth of independent states,4726842,"Virginia is one U.S. state that still applies the commonwealth designation to their name. Puerto Rico is one U.S. territory that is a commonwealth. Canada is a part of the Commonwealth of Nations, as it was formerly part of the British Empire.",0,0,1,##final score: 1
207786,how are some sharks warm blooded,8724506,The world's biggest shark is the Whale Shark (a shark is a fish).,0,0,1,##final score: 1
359349,how to find the midsegment of a trapezoid,68647,Extended Conjecture: (Trapezoid Midsegment Conjecture): The midsegment of a trapezoid is parallel to the bases and is equal in length to the average of the lengths of the two bases. Explanation: A midsegment of a trapezoid is a segment that connects the midpoints of the two non-parallel sides of a trapezoid. This segment has two special properties. It is parallel to the bases of the trapezoid. The length of the midsegment is the average of the lengths of the two bases. Remember that the bases of a trapezoid are parallel. Key Curriculum Press can provide demo versions of Geometer's Sketch Pad.,3,3,2,##final score: 2
1112341,what is the daily life of thai people,1373648,"Thai, also known as Siamese or Central Thai, is the national and official language of Thailand and the native language of the Thai people and the vast majority of Thai Chinese. Thai is a member of the Tai group of the Tai–Kadai language family. Over half of the words in Thai are borrowed from Pali, Sanskrit and Old Khmer. It is a tonal and analytic language. Thai also has a complex orthography and relational markers.",1,1,0,##final score: 0
1106007,define visceral?,1040867,"Psychologically, water is the metaphor and symbol for emotion. The second chakra deals with gut instincts, basic emotions such as fear, rage, and joy and basic interpersonal emotions that are often unspoken. The second chakra also rules the kidneys, which is where we eliminate our water.",0,0,1,##final score: 1
1112341,what is the daily life of thai people,4390797,": a person born, raised, or living in Thailand. : a person whose family is from Thailand. : the language of Thailand. See words that rhyme with Thai Spanish Central: Translation of Thai Nglish: Translation of Thai for Spanish speakers Britannica English: Translation of Thai for Arabic speakers.",0,0,1,##final score: 1
264014,how long is life cycle of flea,5950722,"1 Fleas pass through a complete life cycle of four stages.  made up of 50% eggs, 30% larvae, 15% pupae and only 5% biting adults. 1  Completion of the life cycle from egg to adult varies from two weeks to eight months.  Normally the female flea lays about 15 to 20 eggs per day up to 600 in a lifetime.",3,3,2,##final score: 2
573724,what are the social determinants of health,8301492,"Social structure. In the social sciences, social structure is the patterned social arrangements in society that are both emergent from and determinant of the actions of the individuals.",0,0,1,##final score: 1
148538,difference between rn and bsn,6434592,BSN grads only make about $1 more than an Associates Degree RN in a staff nurse position. A BSN RN working in something like Public Health or some other administrative or leadership position might make more like $35-$45 per hour (or more).,2,2,1,##final score: 1
1133167,how is the weather in jamaica,6157109,"What's the Weather Like in Montego Bay in April. Temperature. Very similar to March's temperature averages, April is warm, with a little more rain possible, as we head towards the start of the wet season. You can expect a pleasant 26°C average during the day, with a high of around 29°C. Rain",2,2,1,##final score: 1
104861,cost of interior concrete flooring,11794,"Needed repairs to flooring, siding, deck or interior trim because of water damage, dry rot or other problems can add $50-$1,000 or more to the total cost, depending on the extent of the damage. 1  If not included, a sliding screen door can add $35-$150, or a retractable model can cost $100-$400.",0,0,1,##final score: 1
264014,how long is life cycle of flea,5611216,"If humans had the jumping power of a flea, a 1.8-m (6-ft) person could make a jump 90 m (295 ft) long and 49 m (160 ft) high. Researchers with the University of Cambridge in England found that fleas take off from their tibiae and tarsi (the insect equivalent of feet) and not their trochantera, or knees.enerally speaking, an adult flea only lives for 2 or 3 months. Without a host for food a flea's life might be as short as a few days. With ample food supply, the adult flea will often live up to 100 days.",2,2,1,##final score: 1
1063750,why did the us volunterilay enter ww1,4823168,"So, Germany invaded Belgium in 1914 in order to knock France out of the war quickly, thus avoiding a 2 front war.The major flaw in the plan was that Germany did not think invading Belgium would bring Britain into the war against them.ammianus · 6 years ago.E: Why did Germany invade Belgium during WW1? Why did they Attack neutral Belgium, when it was Neutral and it Caused Britain and the British Commonwealth... I don&#39;t understand, why would you attack a neutral country causing the world superpower to declare war when you already have France and Russia to defeat....",0,0,1,##final score: 1
1103812,who formed the commonwealth of independent states,947378,"This resulted in the USSR, the Union of Soviet Socialist Republics. As to how Russia became the Soviet Union, it did not actually become the Soviet Union.. Immediately after the Russian Revolution, the Russian empire was renamed the Russian Socialist Federated Socialist Republic (RSFSR).",0,0,1,##final score: 1
1117099,what is a active margin,6122722,"Best Answer: An active margin is a tectonic plate boundary, a passive margin is a compositional transition within a tectonic plate. As you probably know the theory of plate tectonics posits the outer layer of the Earth consist of plates which move relative to each other driven by convection in the Mantle.",3,3,2,##final score: 2
1129237,hydrogen is a liquid below what temperature,5906130,"Rating Newest Oldest. Best Answer: Hydrogen, like water, can exist in 3 states....Solid, Liquid and Gas Its temperature as a solid is −259.14 °C' Hydrogen melts to liquid at −252.87 °C. It boils and vaporises at -252.125 °C Just cooling or compressing Hydrogen won't liquefy or freeze it.",3,3,2,##final score: 2
1115776,what is an aml surveillance analyst,7129173,Looking for the definition of AML? What does AML stand for? Find out it here! 427 meanings for AML abbreviations and acronyms on acronymsandslang.com The World's most comprehensive acronyms and slang dictionary! Last Added,0,0,1,##final score: 1
207786,how are some sharks warm blooded,1085406,"1 Bull sharks are the most dangerous sharks in the world, according to many experts. 2  This is because they're an aggressive species of shark, and they tend to hunt in waters where people often swim: along tropical shorelines. 3  Bull sharks live throughout the world, in shallow, warm ocean waters. Facts about Bull Sharks: 2  Bull sharks are the most dangerous sharks in the world, according to many experts. 3  This is because they're an aggressive species of shark, and they tend to hunt in waters where people often swim: along tropical shorelines. 4  Bull sharks live throughout the world, in shallow, warm ocean waters.",0,0,1,##final score: 1
183378,exons definition biology,5534711,"Introns and exons are parts of genes. Exons code for proteins, whereas introns do not. A great way to remember this is by considering introns as intervening sequences and exons as expressed sequences. According to researchers, there are an average of 8.8 exons and 7.8 introns per human gene.",3,3,2,##final score: 2
168216,does legionella pneumophila cause pneumonia,6264732,"Legionnaires' disease, also known as legionellosis or Legion fever, is a form of atypical pneumonia caused by any type of Legionella bacteria.Over 90% of cases of Legionnaires' disease are caused by Legionella pneumophila. Other causative species include L. longbeachae, L. feeleii, L. micdadei, and L. anisa.he length of time between exposure to the bacteria and the appearance of symptoms is generally two to 10 days, but can rarely extend to as much as 20 days. For the general population, among those exposed between 0.1 to 5% develop disease, while among those in hospital between 0.4 to 14% develop disease.",3,3,2,##final score: 2
1110199,what is wifi vs bluetooth,3110637,"Generally, Bluetooth streams audio at a lower quality and over less distance than Wi-Fi-based technologies. Wired Connectivity: The Echo has no wired inputs, meaning it can only play audio using the wireless capabilities described above.",2,2,1,##final score: 1
1124210,tracheids are part of _____.,2258596,"Woody angiosperms have also vessels. The mature tracheids form a column of superposed, cylindrical dead cells whose end walls have been perforated, resulting in a continuous tube called vessel (trachea) . Tracheids are found in all vascular plants and are the only conducting elements in gymnosperms and ferns.Tracheids have Pits on their end walls. Pits are not nearly as efficient for water translocation as Perforation Plates found in vessel elements.oody angiosperms have also vessels. The mature tracheids form a column of superposed, cylindrical dead cells whose end walls have been perforated, resulting in a continuous tube called vessel (trachea) . Tracheids are found in all vascular plants and are the only conducting elements in gymnosperms and ferns.",2,2,1,##final score: 1
207786,how are some sharks warm blooded,5624831,"In some sharks, these sensitive cells can detect even the slightest traces of blood in the water. A great white shark, for example, would be able to detect a single drop of blood in an Olympic-size pool. Most sharks can detect blood and animal odors from many miles away.",0,0,1,##final score: 1
1110199,what is wifi vs bluetooth,1732296,"Connectivity Details. The BOHM SoundBlock uses Bluetooth to play music wirelessly. Bluetooth technology is used in 867 out of the 1214 wireless speakers we have listed on SpecOut, making it by far the most popular option for wireless speakers.Generally, Bluetooth streams audio at a lower quality and over less distance than Wi-Fi-based technologies.onnectivity Details. The BOHM SoundBlock uses Bluetooth to play music wirelessly. Bluetooth technology is used in 867 out of the 1214 wireless speakers we have listed on SpecOut, making it by far the most popular option for wireless speakers.",2,2,1,##final score: 1
104861,cost of interior concrete flooring,5138469,for commercial concrete floors the cost is anywhere from $ 50 $ 1 00 dollar per sq ft more if you re trying to figure what the cost for concrete flooring is in your area i would suggest calling a local redi mix concrete company and asking them for 3 referrals they know who does quality work and who doesn t,2,2,1,##final score: 1
146187,difference between a mcdouble and a double cheeseburger,32188,"How to Cook a Cheeseburger. Cheeseburger is a traditional, American favorite. It can be grilled, fried, or oven baked, and purchased at almost any corner or fast-food restaurant. For a tasty treat, try a homemade cheeseburger. 1 lb. (453g) 85% lean ground beef/chuck.",0,0,1,##final score: 1
1063750,why did the us volunterilay enter ww1,5057640,There was no reason for the United States to have entered before it did. The USSR and Germany weren’t fighting until 1941 - Not much benefit for the US to take the brunt of the German assault alone when the Soviets were willing to act as a punching bag.,0,0,1,##final score: 1
168216,does legionella pneumophila cause pneumonia,4792582,"Pneumonia is an infection of the lung. With atypical pneumonia, the infection is caused by different bacteria than the ones that cause typical pneumonia. These include Legionella pneumophila, Mycoplasma pneumoniae, and Chlamydophila pneumoniae. Atypical pneumonia also tends to have milder symptoms than typical pneumonia.",3,3,2,##final score: 2
1117099,what is a active margin,1389420,Convergent boundaries (Destructive) (or active margins) occur where two plates slide toward each other to form either a subduction zone (one plate moving underneath the other) or a continental collision.,3,3,2,##final score: 2
915593,what types of food can you cook sous vide,7709320,"You just grab a large, cheap cut at the butcher and use sous vide to slowly cook down that meat at a low temperature so that after you chill it, cut it into individual steaks, and sear it, it takes on an incredible juicy texture that rivals that of a premium steak or pork chop at a pricey restaurant.",1,1,2,##final score: 2
1114819,what is durable medical equipment consist of,4773103,"The cost of a home sleep study, at home sleep study, and use of home sleep study equipment, varies. It often costs between $150 – $500.The costs is often covered by most insurance companies. However, the patient most have the symptoms and meet ‘medical necessity’ for a test.Medicare, Blue Cross, Blue Shield, Aetna, Cigna, and most other insurance companies cover home sleep testing for sleep apnea.t often costs between $150 – $500. The costs is often covered by most insurance companies. However, the patient most have the symptoms and meet ‘medical necessity’ for a test. Medicare, Blue Cross, Blue Shield, Aetna, Cigna, and most other insurance companies cover home sleep testing for sleep apnea.",0,0,1,##final score: 1
1063750,why did the us volunterilay enter ww1,5416787,"Due to the cold temperature of the water, what did many die from Sinking passenger ships was against the rules of naval warfare, they didn't think German U-boats had the guts to do it, they thought the Lusitania was too big and too fast Why did the Lusitania owners and passengers not heed the german warning that a state of war exists and that German U-boats would sink passenger ships (short answer) British knew there were American passengers on board, and they thought this could outrage the Americans enough to enter the war against Germany",1,1,2,##final score: 2
1129237,hydrogen is a liquid below what temperature,1849522,"Water is the chemical substance with chemical formula H. 2O; one molecule of water has two hydrogen atoms covalently bonded to a single oxygen atom. Water is a tasteless, odorless liquid at ambient temperature and pressure, and appears colorless in small quantities, although it has its own intrinsic very light blue hue.",0,0,1,##final score: 1
